{"amazon_health": {"num_doc": 80592, "num_user": 11438, "num_product": 3832, "num_train": 64474, "num_valid": 8060, "num_test": 8061, "mean_word_per_doc": 127.00433045463569, "median_word_per_doc": 81.0, "75_percent_word_per_doc": 152.0}, "yelp": {"num_doc": 551695, "num_user": 76323, "num_product": 9327, "num_train": 441357, "num_valid": 55170, "num_test": 55171, "mean_word_per_doc": 151.58617714498047, "median_word_per_doc": 111.0, "75_percent_word_per_doc": 196.0}, "imdb": {"num_doc": 123184, "num_user": 6089, "num_product": 642, "num_train": 98548, "num_valid": 12319, "num_test": 12320, "mean_word_per_doc": 187.23723860241589, "median_word_per_doc": 133.0, "75_percent_word_per_doc": 233.0}}